world,start_epoch,launch_ok,final_free_cells,final_total_cells,final_pct,offgrid_errors,elapsed_sec,stuck,stuck_at_sec,completed_early
bench_room_small,1787725971,1,8166,11760,69.4,0
0,211,1,80,0
bench_room_cluttered,1787726219,1,6079,11466,53.0,0
0,17895,1,70,0
corridor,1787744152,1,1472,9312,15.8,0
0,214,1,100,0
coverage_100,1787744404,1,0,0,0,0
0,213,1,70,0
simple_rooms,1787744655,1,0,0,0,0
0,212,1,70,0
house,1787744905,0,,,,,,,,
office,1787744959,0,,,,,,,,
warehouse,1787745014,0,,,,,,,,
aws_warehouse,1787745068,0,,,,,,,,
tugbot_warehouse,1787745118,0,,,,,,,,
warehouse_depot,1787745167,0,,,,,,,,
lake_house,1787745222,0,,,,,,,,
multi_terrain,1787745271,0,,,,,,,,
