explorer,slam_algo,world,start_epoch,launch_ok,final_free_cells,final_total_cells,final_pct,offgrid_errors,elapsed_sec,stuck,stuck_at_sec,completed_early
explore_lite,2d,house,1787746078,1,1497,18369,8.1,0,63,0,,1
explore_lite,2d,office,1787746160,1,8817,45315,19.5,0,213,0,,0
explore_lite,2d,warehouse,1787746392,1,962,53823,1.8,0,64,0,,1
explore_lite,2d,aws_warehouse,1787746475,0,,,,,,,,
explore_lite,2d,tugbot_warehouse,1787746524,0,,,,,,,,
explore_lite,2d,warehouse_depot,1787746573,1,44020,67710,65.0,4,221,0,,0
explore_lite,2d,lake_house,1787746819,0,,,,,,,,
explore_lite,2d,multi_terrain,1787746868,1,9295,23296,39.9,0,214,0,,0
explore_lite,2d,aws_warehouse,1787747119,1,55057,94734,58.1,4,215,0,,0
explore_lite,2d,tugbot_warehouse,1787747354,0,,,,,,,,
builtin,2d,bench_room_small,1787747442,1,6949,9409,73.9,0,213,0,,0
builtin,2d,bench_room_cluttered,1787747676,1,4165,9999,41.7,0,214,0,,0
builtin,2d,corridor,1787747909,1,24875,41396,60.1,0,214,0,,0
builtin,2d,coverage_100,1787748143,1,1575,15458,10.2,0,34,0,,1
builtin,2d,simple_rooms,1787748198,0,,,,,,,,
builtin,2d,house,1787748253,0,,,,,,,,
builtin,2d,office,1787748310,1,0,0,0,0,215,0,,0
builtin,2d,bench_room_small,1787748098,1,7467,9409,79.4,0,534,1,420,1
builtin,2d,warehouse,1787748564,1,35813,68973,51.9,0,226,0,,0
builtin,2d,aws_warehouse,1787748811,1,24454,62211,39.3,0,218,0,,0
builtin,2d,tugbot_warehouse,1787749055,0,,,,,,,,
builtin,2d,warehouse_depot,1787749112,1,28619,41340,69.2,0,230,0,,0
builtin,2d,multi_terrain,1787749371,0,,,,,,,,
builtin,2d,simple_rooms,1787751828,1,44601,89920,49.6,0,216,0,,0
builtin,2d,house,1787752062,1,10005,25276,39.6,0,221,0,,0
builtin,2d,office,1787752306,1,1115,22890,4.9,0,67,0,,1
frontier,2d,bench_room_small,1787752430,1,7245,10506,69.0,0,219,0,,0
frontier,2d,bench_room_cluttered,1787752686,0,,,,,,,,
frontier,2d,corridor,1787752755,0,,,,,,,,
frontier,2d,coverage_100,1787752824,0,,,,,,,,
frontier,2d,simple_rooms,1787752895,0,,,,,,,,
frontier,2d,house,1787752969,0,,,,,,,,
frontier,2d,office,1787758793,1,26918,112896,23.8,2,493,0,,0
frontier,2d,warehouse,1787759305,0,,,,,,,,
frontier,2d,aws_warehouse,1787759362,0,,,,,,,,
frontier,2d,tugbot_warehouse,1787759422,0,,,,,,,,
frontier,2d,warehouse_depot,1787759492,0,,,,,,,,
frontier,2d,multi_terrain,1787759578,0,,,,,,,,
explore_lite,2d,bench_room_small,1787725971,1,8166,11760,69.4,0,211,1,80,0
explore_lite,2d,bench_room_cluttered,1787726219,1,6079,11466,53.0,0,17895,1,70,0
explore_lite,2d,corridor,1787744152,1,1472,9312,15.8,0,214,1,100,0
explore_lite,2d,coverage_100,1787744404,1,0,0,0,0,213,1,70,0
explore_lite,2d,simple_rooms,1787744655,1,0,0,0,0,212,1,70,0
frontier,2d,bench_room_small,1787761547,1,6697,9409,71.2,0,214,0,,0
frontier,2d,bench_room_cluttered,1787761782,1,5012,9312,53.8,0,218,0,,0
rrt,2d,bench_room_small,1787762022,1,1115,9312,12.0,0,227,0,,0
rrt,2d,bench_room_cluttered,1787762272,1,4220,7178,58.8,0,228,1,80,0
builtin,cartographer,bench_room_small,1787762554,1,6927,9409,73.6,0,213,0,,0
builtin,cartographer,bench_room_cluttered,1787762788,1,4199,9999,42.0,0,216,0,,0
