label,world,explorer,slam_algo,mode,coverage_pct,elapsed_sec,time_to_converge_sec,final_drift_m,max_drift_m,yaw_drift_deg,offgrid_errors,source
builtin_2d_aws_warehouse,aws_warehouse,builtin,2d,batch,39.3,218,,,,,0,/home/asimov/rosnav/sweep_logs/batch_results_combined.csv
explore_lite_2d_aws_warehouse,aws_warehouse,explore_lite,2d,batch,58.1,215,,,,,4,/home/asimov/rosnav/sweep_logs/batch_results_combined.csv
explore_lite_bench_room_small_postekf,bench,explore_lite,2d,accuracy,,120,,2.2714,2.2714,-0.2,,/home/asimov/rosnav/sweep_logs/explore_lite_bench_room_small_postekf_accuracy.json
builtin_2d_bench_room_cluttered,bench_room_cluttered,builtin,2d,batch,41.7,214,,,,,0,/home/asimov/rosnav/sweep_logs/batch_results_combined.csv
explore_lite_2d_bench_room_cluttered,bench_room_cluttered,explore_lite,2d,batch,53,17895,,,,,0,/home/asimov/rosnav/sweep_logs/batch_results_combined.csv
builtin_2d_bench_room_small,bench_room_small,builtin,2d,batch,73.9,213,,,,,0,/home/asimov/rosnav/sweep_logs/batch_results_combined.csv
builtin_2d_bench_room_small,bench_room_small,builtin,2d,batch,79.4,534,,,,,0,/home/asimov/rosnav/sweep_logs/batch_results_combined.csv
explore_lite_2d_bench_room_small,bench_room_small,explore_lite,2d,batch,69.4,211,,,,,0,/home/asimov/rosnav/sweep_logs/batch_results_combined.csv
frontier_2d_bench_room_small,bench_room_small,frontier,2d,batch,69,219,,,,,0,/home/asimov/rosnav/sweep_logs/batch_results_combined.csv
builtin_2d_corridor,corridor,builtin,2d,batch,60.1,214,,,,,0,/home/asimov/rosnav/sweep_logs/batch_results_combined.csv
explore_lite_2d_corridor,corridor,explore_lite,2d,batch,15.8,214,,,,,0,/home/asimov/rosnav/sweep_logs/batch_results_combined.csv
builtin_2d_coverage_100,coverage_100,builtin,2d,batch,10.2,34,,,,,0,/home/asimov/rosnav/sweep_logs/batch_results_combined.csv
explore_lite_2d_coverage_100,coverage_100,explore_lite,2d,batch,0,213,,,,,0,/home/asimov/rosnav/sweep_logs/batch_results_combined.csv
builtin_2d_house,house,builtin,2d,batch,39.6,221,,,,,0,/home/asimov/rosnav/sweep_logs/batch_results_combined.csv
builtin_house_refix,house,builtin,2d,accuracy,,120,,0.3347,0.3678,98.18,,/home/asimov/rosnav/sweep_logs/builtin_house_refix_accuracy.json
builtin_house_refix,house,builtin,2d,slam,48.52,120,6,,,,,/home/asimov/rosnav/sweep_logs/builtin_house_refix_slam.json
explore_lite_2d_house,house,explore_lite,2d,batch,8.1,63,,,,,0,/home/asimov/rosnav/sweep_logs/batch_results_combined.csv
explore_lite_house_postekf,house,explore_lite,2d,accuracy,,120,,0,0,0,,/home/asimov/rosnav/sweep_logs/explore_lite_house_postekf_accuracy.json
explore_lite_house_refix,house,explore_lite,2d,accuracy,,120,,0.7119,0.7119,-115.58,,/home/asimov/rosnav/sweep_logs/explore_lite_house_refix_accuracy.json
explore_lite_house_refix,house,explore_lite,2d,slam,28.15,120,5.9,,,,,/home/asimov/rosnav/sweep_logs/explore_lite_house_refix_slam.json
explore_lite_house_v2fix,house,explore_lite,2d,accuracy,,120,,0.2164,0.2164,21.2,,/home/asimov/rosnav/sweep_logs/explore_lite_house_v2fix_accuracy.json
explore_lite_house_v2fix,house,explore_lite,2d,slam,26.13,120,5.5,,,,,/home/asimov/rosnav/sweep_logs/explore_lite_house_v2fix_slam.json
explore_lite_2d_multi_terrain,multi_terrain,explore_lite,2d,batch,39.9,214,,,,,0,/home/asimov/rosnav/sweep_logs/batch_results_combined.csv
builtin_2d_office,office,builtin,2d,batch,0,215,,,,,0,/home/asimov/rosnav/sweep_logs/batch_results_combined.csv
builtin_2d_office,office,builtin,2d,batch,4.9,67,,,,,0,/home/asimov/rosnav/sweep_logs/batch_results_combined.csv
explore_lite_2d_office,office,explore_lite,2d,batch,19.5,213,,,,,0,/home/asimov/rosnav/sweep_logs/batch_results_combined.csv
frontier_2d_office,office,frontier,2d,batch,23.8,493,,,,,2,/home/asimov/rosnav/sweep_logs/batch_results_combined.csv
builtin_2d_simple_rooms,simple_rooms,builtin,2d,batch,49.6,216,,,,,0,/home/asimov/rosnav/sweep_logs/batch_results_combined.csv
explore_lite_2d_simple_rooms,simple_rooms,explore_lite,2d,batch,0,212,,,,,0,/home/asimov/rosnav/sweep_logs/batch_results_combined.csv
builtin_2d_warehouse,warehouse,builtin,2d,batch,51.9,226,,,,,0,/home/asimov/rosnav/sweep_logs/batch_results_combined.csv
explore_lite_2d_warehouse,warehouse,explore_lite,2d,batch,1.8,64,,,,,0,/home/asimov/rosnav/sweep_logs/batch_results_combined.csv
builtin_2d_warehouse_depot,warehouse_depot,builtin,2d,batch,69.2,230,,,,,0,/home/asimov/rosnav/sweep_logs/batch_results_combined.csv
explore_lite_2d_warehouse_depot,warehouse_depot,explore_lite,2d,batch,65,221,,,,,4,/home/asimov/rosnav/sweep_logs/batch_results_combined.csv
